Move title,Release year,Director,Cast,Rating,Users rated,Href
The Shawshank Redemption,1994,Frank Darabont,"Tim Robbins, Morgan Freeman",9.2,2754797,/title/tt0111161/
The Godfather,1972,Francis Ford Coppola,"Marlon Brando, Al Pacino",9.2,1916680,/title/tt0068646/
The Dark Knight,2008,Christopher Nolan,"Christian Bale, Heath Ledger",9.0,2727660,/title/tt0468569/
The Godfather Part II,1974,Francis Ford Coppola,"Al Pacino, Robert De Niro",9.0,1304919,/title/tt0071562/
12 Angry Men,1957,Sidney Lumet,"Henry Fonda, Lee J. Cobb",9.0,816084,/title/tt0050083/
Schindler's List,1993,Steven Spielberg,"Liam Neeson, Ralph Fiennes",8.9,1388740,/title/tt0108052/
The Lord of the Rings: The Return of the King,2003,Peter Jackson,"Elijah Wood, Viggo Mortensen",8.9,1892190,/title/tt0167260/
Pulp Fiction,1994,Quentin Tarantino,"John Travolta, Uma Thurman",8.8,2115661,/title/tt0110912/
The Lord of the Rings: The Fellowship of the Ring,2001,Peter Jackson,"Elijah Wood, Ian McKellen",8.8,1920707,/title/tt0120737/
"The Good, the Bad and the Ugly",1966,Sergio Leone,"Clint Eastwood, Eli Wallach",8.8,779311,/title/tt0060196/
Spider-Man: Across the Spider-Verse,2023,Joaquim Dos Santos,"Shameik Moore, Hailee Steinfeld",8.8,140370,/title/tt9362722/
Forrest Gump,1994,Robert Zemeckis,"Tom Hanks, Robin Wright",8.8,2142897,/title/tt0109830/
Fight Club,1999,David Finche,"Brad Pitt, Edward Norton",8.7,2193487,/title/tt0137523/
The Lord of the Rings: The Two Towers,2002,Peter Jackson,"Elijah Wood, Ian McKellen",8.7,1707703,/title/tt0167261/
Inception,2010,Christopher Nolan,"Leonardo DiCaprio, Joseph Gordon-Levitt",8.7,2420787,/title/tt1375666/
Star Wars: Episode V - The Empire Strikes Back,1980,Irvin Kershne,"Mark Hamill, Harrison Ford",8.7,1324847,/title/tt0080684/
The Matrix,1999,Lana Wachowsk,"Keanu Reeves, Laurence Fishburne",8.7,1963523,/title/tt0133093/
Goodfellas,1990,Martin Scorsese,"Robert De Niro, Ray Liotta",8.7,1195635,/title/tt0099685/
One Flew Over the Cuckoo's Nest,1975,Milos Forman,"Jack Nicholson, Louise Fletcher",8.6,1031120,/title/tt0073486/
Se7en,1995,David Finche,"Morgan Freeman, Brad Pitt",8.6,1703258,/title/tt0114369/
It's a Wonderful Life,1946,Frank Capra,"James Stewart, Donna Reed",8.6,473252,/title/tt0038650/
Seven Samurai,1954,Akira Kurosawa,"Toshirô Mifune, Takashi Shimura",8.6,353668,/title/tt0047478/
The Silence of the Lambs,1991,Jonathan Demme,"Jodie Foster, Anthony Hopkins",8.6,1471679,/title/tt0102926/
Saving Private Ryan,1998,Steven Spielberg,"Tom Hanks, Matt Damon",8.6,1427394,/title/tt0120815/
City of God,2002,Fernando Meirelles,"Alexandre Rodrigues, Leandro Firmino",8.6,772656,/title/tt0317248/
Interstellar,2014,Christopher Nolan,"Matthew McConaughey, Anne Hathaway",8.6,1921128,/title/tt0816692/
Life Is Beautiful,1997,Roberto Benign,"Roberto Benigni, Nicoletta Braschi",8.6,712905,/title/tt0118799/
The Green Mile,1999,Frank Darabont,"Tom Hanks, Michael Clarke Duncan",8.6,1339450,/title/tt0120689/
Star Wars: Episode IV - A New Hope,1977,George Lucas,"Mark Hamill, Harrison Ford",8.5,1397102,/title/tt0076759/
Terminator 2: Judgment Day,1991,James Cameron,"Arnold Schwarzenegger, Linda Hamilton",8.5,1126379,/title/tt0103064/
Back to the Future,1985,Robert Zemeckis,"Michael J. Fox, Christopher Lloyd",8.5,1243125,/title/tt0088763/
Spirited Away,2001,Hayao Miyazak,"Daveigh Chase, Suzanne Pleshette",8.5,793324,/title/tt0245429/
The Pianist,2002,Roman Polansk,"Adrien Brody, Thomas Kretschmann",8.5,859004,/title/tt0253474/
Psycho,1960,Alfred Hitchcock,"Anthony Perkins, Janet Leigh",8.5,689497,/title/tt0054215/
Parasite,2019,Bong Joon Ho,"Song Kang-ho, Lee Sun-kyun",8.5,860193,/title/tt6751668/
Léon: The Professional,1994,Luc Besson,"Jean Reno, Gary Oldman",8.5,1192696,/title/tt0110413/
The Lion King,1994,Roger Allers,"Matthew Broderick, Jeremy Irons",8.5,1088930,/title/tt0110357/
Gladiator,2000,Ridley Scott,"Russell Crowe, Joaquin Phoenix",8.5,1540239,/title/tt0172495/
American History X,1998,Tony Kaye,"Edward Norton, Edward Furlong",8.5,1145665,/title/tt0120586/
The Departed,2006,Martin Scorsese,"Leonardo DiCaprio, Matt Damon",8.5,1360144,/title/tt0407887/
Whiplash,2014,Damien Chazelle,"Miles Teller, J.K. Simmons",8.5,909187,/title/tt2582802/
The Prestige,2006,Christopher Nolan,"Christian Bale, Hugh Jackman",8.5,1368365,/title/tt0482571/
The Usual Suspects,1995,Bryan Singe,"Kevin Spacey, Gabriel Byrne",8.5,1106679,/title/tt0114814/
Casablanca,1942,Michael Curtiz,"Humphrey Bogart, Ingrid Bergman",8.5,584916,/title/tt0034583/
Grave of the Fireflies,1988,Isao Takahata,"Tsutomu Tatsumi, Ayano Shiraishi",8.5,288576,/title/tt0095327/
Harakiri,1962,Masaki Kobayash,"Tatsuya Nakadai, Akira Ishihama",8.5,61389,/title/tt0056058/
The Intouchables,2011,Olivier Nakache,"François Cluzet, Omar Sy",8.5,884084,/title/tt1675434/
Modern Times,1936,Charles Chaplin,"Charles Chaplin, Paulette Goddard",8.4,248967,/title/tt0027977/
Once Upon a Time in the West,1968,Sergio Leone,"Henry Fonda, Charles Bronson",8.4,337857,/title/tt0064116/
Cinema Paradiso,1988,Giuseppe Tornatore,"Philippe Noiret, Enzo Cannavale",8.4,269224,/title/tt0095765/
Rear Window,1954,Alfred Hitchcock,"James Stewart, Grace Kelly",8.4,503040,/title/tt0047396/
Alien,1979,Ridley Scott,"Sigourney Weaver, Tom Skerritt",8.4,905834,/title/tt0078748/
City Lights,1931,Charles Chaplin,"Charles Chaplin, Virginia Cherrill",8.4,188965,/title/tt0021749/
Apocalypse Now,1979,Francis Ford Coppola,"Martin Sheen, Marlon Brando",8.4,683739,/title/tt0078788/
Memento,2000,Christopher Nolan,"Guy Pearce, Carrie-Anne Moss",8.4,1266676,/title/tt0209144/
Django Unchained,2012,Quentin Tarantino,"Jamie Foxx, Christoph Waltz",8.4,1604850,/title/tt1853728/
Indiana Jones and the Raiders of the Lost Ark,1981,Steven Spielberg,"Harrison Ford, Karen Allen",8.4,991458,/title/tt0082971/
WALL·E,2008,Andrew Stanton,"Ben Burtt, Elissa Knight",8.4,1146794,/title/tt0910970/
The Lives of Others,2006,Florian Henckel von Donnersmarck,"Ulrich Mühe, Martina Gedeck",8.4,397368,/title/tt0405094/
Sunset Blvd.,1950,Billy Wilde,"William Holden, Gloria Swanson",8.4,227500,/title/tt0043014/
Paths of Glory,1957,Stanley Kubrick,"Kirk Douglas, Ralph Meeker",8.4,202711,/title/tt0050825/
Avengers: Infinity War,2018,Anthony Russo,"Robert Downey Jr., Chris Hemsworth",8.4,1129402,/title/tt4154756/
The Shining,1980,Stanley Kubrick,"Jack Nicholson, Shelley Duvall",8.4,1052354,/title/tt0081505/
The Great Dictator,1940,Charles Chaplin,"Charles Chaplin, Paulette Goddard",8.4,229236,/title/tt0032553/
Witness for the Prosecution,1957,Billy Wilde,"Tyrone Power, Marlene Dietrich",8.4,129949,/title/tt0051201/
Spider-Man: Into the Spider-Verse,2018,Bob Persichett,"Shameik Moore, Jake Johnson",8.4,592844,/title/tt4633694/
Aliens,1986,James Cameron,"Sigourney Weaver, Michael Biehn",8.3,734198,/title/tt0090605/
American Beauty,1999,Sam Mendes,"Kevin Spacey, Annette Bening",8.3,1175520,/title/tt0169547/
The Dark Knight Rises,2012,Christopher Nolan,"Christian Bale, Tom Hardy",8.3,1746593,/title/tt1345836/
Dr. Strangelove or: How I Learned to Stop Worrying and Love the Bomb,1964,Stanley Kubrick,"Peter Sellers, George C. Scott",8.3,501377,/title/tt0057012/
Inglourious Basterds,2009,Quentin Tarantino,"Brad Pitt, Diane Kruger",8.3,1496777,/title/tt0361748/
Oldboy,2003,Park Chan-wook,"Choi Min-sik, Yoo Ji-tae",8.3,598266,/title/tt0364569/
Coco,2017,Lee Unkrich,"Anthony Gonzalez, Gael García Bernal",8.3,538002,/title/tt2380307/
Amadeus,1984,Milos Forman,"F. Murray Abraham, Tom Hulce",8.3,410651,/title/tt0086879/
Toy Story,1995,John Lassete,"Tom Hanks, Tim Allen",8.3,1021592,/title/tt0114709/
Braveheart,1995,Mel Gibson,"Mel Gibson, Sophie Marceau",8.3,1057697,/title/tt0112573/
Das Boot,1981,Wolfgang Petersen,"Jürgen Prochnow, Herbert Grönemeyer",8.3,256123,/title/tt0082096/
Joker,2019,Todd Phillips,"Joaquin Phoenix, Robert De Niro",8.3,1361704,/title/tt7286456/
Avengers: Endgame,2019,Anthony Russo,"Robert Downey Jr., Chris Evans",8.3,1186438,/title/tt4154796/
Princess Mononoke,1997,Hayao Miyazak,"Yôji Matsuda, Yuriko Ishida",8.3,408147,/title/tt0119698/
Good Will Hunting,1997,Gus Van Sant,"Robin Williams, Matt Damon",8.3,1006965,/title/tt0119217/
Once Upon a Time in America,1984,Sergio Leone,"Robert De Niro, James Woods",8.3,361321,/title/tt0087843/
Your Name.,2016,Makoto Shinka,"Ryunosuke Kamiki, Mone Kamishiraishi",8.3,288875,/title/tt5311514/
3 Idiots,2009,Rajkumar Hiran,"Aamir Khan, Madhavan",8.3,411962,/title/tt1187043/
Singin' in the Rain,1952,Stanley Donen,"Gene Kelly, Donald O'Connor",8.3,249598,/title/tt0045152/
High and Low,1963,Akira Kurosawa,"Toshirô Mifune, Yutaka Sada",8.3,48059,/title/tt0057565/
Requiem for a Dream,2000,Darren Aronofsky,"Ellen Burstyn, Jared Leto",8.3,863605,/title/tt0180093/
Capernaum,2018,Nadine Labak,"Zain Al Rafeea, Yordanos Shiferaw",8.3,95764,/title/tt8267604/
Toy Story 3,2010,Lee Unkrich,"Tom Hanks, Tim Allen",8.3,857634,/title/tt0435761/
Star Wars: Episode VI - Return of the Jedi,1983,Richard Marquan,"Mark Hamill, Harrison Ford",8.3,1080343,/title/tt0086190/
Come and See,1985,Elem Klimov,"Aleksey Kravchenko, Olga Mironova",8.3,86586,/title/tt0091251/
Eternal Sunshine of the Spotless Mind,2004,Michel Gondry,"Jim Carrey, Kate Winslet",8.3,1033695,/title/tt0338013/
2001: A Space Odyssey,1968,Stanley Kubrick,"Keir Dullea, Gary Lockwood",8.3,687406,/title/tt0062622/
The Hunt,2012,Thomas Vinterberg,"Mads Mikkelsen, Thomas Bo Larsen",8.3,342682,/title/tt2106476/
Reservoir Dogs,1992,Quentin Tarantino,"Harvey Keitel, Tim Roth",8.3,1045550,/title/tt0105236/
Lawrence of Arabia,1962,David Lean,"Peter O'Toole, Alec Guinness",8.2,301915,/title/tt0056172/
Citizen Kane,1941,Orson Welles,"Orson Welles, Joseph Cotten",8.2,451561,/title/tt0033467/
M,1931,Fritz Lang,"Peter Lorre, Ellen Widmann",8.2,162035,/title/tt0022100/
Ikiru,1952,Akira Kurosawa,"Takashi Shimura, Nobuo Kaneko",8.2,82155,/title/tt0044741/
North by Northwest,1959,Alfred Hitchcock,"Cary Grant, Eva Marie Saint",8.2,335321,/title/tt0053125/
The Apartment,1960,Billy Wilde,"Jack Lemmon, Shirley MacLaine",8.2,187101,/title/tt0053604/
Vertigo,1958,Alfred Hitchcock,"James Stewart, Kim Novak",8.2,411718,/title/tt0052357/
Amélie,2001,Jean-Pierre Jeunet,"Audrey Tautou, Mathieu Kassovitz",8.2,770972,/title/tt0211915/
Double Indemnity,1944,Billy Wilde,"Fred MacMurray, Barbara Stanwyck",8.2,161152,/title/tt0036775/
A Clockwork Orange,1971,Stanley Kubrick,"Malcolm McDowell, Patrick Magee",8.2,849804,/title/tt0066921/
Full Metal Jacket,1987,Stanley Kubrick,"Matthew Modine, R. Lee Ermey",8.2,760671,/title/tt0093058/
Hamilton,2020,Thomas Kail,"Lin-Manuel Miranda, Phillipa Soo",8.2,102240,/title/tt8503618/
Scarface,1983,Brian De Palma,"Al Pacino, Michelle Pfeiffer",8.2,868882,/title/tt0086250/
Incendies,2010,Denis Villeneuve,"Lubna Azabal, Mélissa Désormeaux-Poulin",8.2,184867,/title/tt1255953/
Heat,1995,Michael Mann,"Al Pacino, Robert De Niro",8.2,679280,/title/tt0113277/
Up,2009,Pete Docte,"Edward Asner, Jordan Nagai",8.2,1073128,/title/tt1049413/
To Kill a Mockingbird,1962,Robert Mulligan,"Gregory Peck, John Megna",8.2,322872,/title/tt0056592/
The Sting,1973,George Roy Hill,"Paul Newman, Robert Redford",8.2,270089,/title/tt0070735/
A Separation,2011,Asghar Farha,"Payman Maadi, Leila Hatami",8.2,249953,/title/tt1832382/
Metropolis,1927,Fritz Lang,"Brigitte Helm, Alfred Abel",8.2,178627,/title/tt0017136/
L.A. Confidential,1997,Curtis Hanson,"Kevin Spacey, Russell Crowe",8.2,594296,/title/tt0119488/
Die Hard,1988,John McTiernan,"Bruce Willis, Alan Rickman",8.2,903176,/title/tt0095016/
Indiana Jones and the Last Crusade,1989,Steven Spielberg,"Harrison Ford, Sean Connery",8.2,774155,/title/tt0097576/
Snatch,2000,Guy Ritchie,"Jason Statham, Brad Pitt",8.2,876026,/title/tt0208092/
Bicycle Thieves,1948,Vittorio De Sica,"Lamberto Maggiorani, Enzo Staiola",8.2,167995,/title/tt0040522/
Taxi Driver,1976,Martin Scorsese,"Robert De Niro, Jodie Foster",8.2,867313,/title/tt0075314/
Like Stars on Earth,2007,Aamir Khan,"Darsheel Safary, Aamir Khan",8.2,198494,/title/tt0986264/
1917,2019,Sam Mendes,"Dean-Charles Chapman, George MacKay",8.2,624227,/title/tt8579674/
Dangal,2016,Nitesh Tiwa,"Aamir Khan, Sakshi Tanwar",8.2,197980,/title/tt5074352/
Downfall,2004,Oliver Hirschbiegel,"Bruno Ganz, Alexandra Maria Lara",8.2,363084,/title/tt0363163/
Top Gun: Maverick,2022,Joseph Kosinsk,"Tom Cruise, Jennifer Connelly",8.2,598239,/title/tt1745960/
For a Few Dollars More,1965,Sergio Leone,"Clint Eastwood, Lee Van Cleef",8.2,263428,/title/tt0059578/
Batman Begins,2005,Christopher Nolan,"Christian Bale, Michael Caine",8.2,1507535,/title/tt0372784/
The Kid,1921,Charles Chaplin,"Charles Chaplin, Edna Purviance",8.2,129631,/title/tt0012349/
Some Like It Hot,1959,Billy Wilde,"Marilyn Monroe, Tony Curtis",8.2,273774,/title/tt0053291/
The Father,2020,Florian Zelle,"Anthony Hopkins, Olivia Colman",8.2,170204,/title/tt10272386/
The Wolf of Wall Street,2013,Martin Scorsese,"Leonardo DiCaprio, Jonah Hill",8.2,1469190,/title/tt0993846/
All About Eve,1950,Joseph L. Mankiewicz,"Bette Davis, Anne Baxter",8.2,134347,/title/tt0042192/
Green Book,2018,Peter Farrelly,"Viggo Mortensen, Mahershala Ali",8.2,521781,/title/tt6966692/
Judgment at Nuremberg,1961,Stanley Krame,"Spencer Tracy, Burt Lancaster",8.2,80210,/title/tt0055031/
Ran,1985,Akira Kurosawa,"Tatsuya Nakadai, Akira Terao",8.2,129622,/title/tt0089881/
The Truman Show,1998,Peter We,"Jim Carrey, Ed Harris",8.2,1121034,/title/tt0120382/
Casino,1995,Martin Scorsese,"Robert De Niro, Sharon Stone",8.2,536432,/title/tt0112641/
There Will Be Blood,2007,Paul Thomas Anderson,"Daniel Day-Lewis, Paul Dano",8.2,604416,/title/tt0469494/
Pan's Labyrinth,2006,Guillermo del Toro,"Ivana Baquero, Ariadna Gil",8.2,682174,/title/tt0457430/
Unforgiven,1992,Clint Eastwoo,"Clint Eastwood, Gene Hackman",8.2,421824,/title/tt0105695/
Shutter Island,2010,Martin Scorsese,"Leonardo DiCaprio, Emily Mortimer",8.2,1366083,/title/tt1130884/
The Sixth Sense,1999,M. Night Shyamalan,"Bruce Willis, Haley Joel Osment",8.2,1013120,/title/tt0167404/
Jurassic Park,1993,Steven Spielberg,"Sam Neill, Laura Dern",8.2,1017292,/title/tt0107290/
A Beautiful Mind,2001,Ron Howa,"Russell Crowe, Ed Harris",8.2,952320,/title/tt0268978/
The Treasure of the Sierra Madre,1948,John Huston,"Humphrey Bogart, Walter Huston",8.1,128220,/title/tt0040897/
Yojimbo,1961,Akira Kurosawa,"Toshirô Mifune, Eijirô Tôno",8.1,126166,/title/tt0055630/
Monty Python and the Holy Grail,1975,Terry Gilliam,"Graham Chapman, John Cleese",8.1,552919,/title/tt0071853/
No Country for Old Men,2007,Ethan Coen,"Tommy Lee Jones, Javier Bardem",8.1,1004548,/title/tt0477348/
Kill Bill: Vol. 1,2003,Quentin Tarantino,"Uma Thurman, David Carradine",8.1,1143539,/title/tt0266697/
The Great Escape,1963,John Sturges,"Steve McQueen, James Garner",8.1,250008,/title/tt0057115/
Rashomon,1950,Akira Kurosawa,"Toshirô Mifune, Machiko Kyô",8.1,173141,/title/tt0042876/
The Thing,1982,John Carpente,"Kurt Russell, Wilford Brimley",8.1,440106,/title/tt0084787/
Finding Nemo,2003,Andrew Stanton,"Albert Brooks, Ellen DeGeneres",8.1,1069500,/title/tt0266543/
Spider-Man: No Way Home,2021,Jon Watts,"Tom Holland, Zendaya",8.1,804745,/title/tt10872600/
The Elephant Man,1980,David Lynch,"Anthony Hopkins, John Hurt",8.1,248519,/title/tt0080678/
Chinatown,1974,Roman Polansk,"Jack Nicholson, Faye Dunaway",8.1,335504,/title/tt0071315/
Raging Bull,1980,Martin Scorsese,"Robert De Niro, Cathy Moriarty",8.1,364040,/title/tt0081398/
V for Vendetta,2005,James McTeigue,"Hugo Weaving, Natalie Portman",8.1,1142888,/title/tt0434409/
Gone with the Wind,1939,Victor Fleming,"Clark Gable, Vivien Leigh",8.1,323065,/title/tt0031381/
Dial M for Murder,1954,Alfred Hitchcock,"Ray Milland, Grace Kelly",8.1,181078,/title/tt0046912/
Howl's Moving Castle,2004,Hayao Miyazak,"Chieko Baishô, Takuya Kimura",8.1,413948,/title/tt0347149/
"Lock, Stock and Two Smoking Barrels",1998,Guy Ritchie,"Jason Flemyng, Dexter Fletcher",8.1,596382,/title/tt0120735/
Inside Out,2015,Pete Docte,"Amy Poehler, Bill Hader",8.1,739449,/title/tt2096673/
The Secret in Their Eyes,2009,Juan José Campanella,"Ricardo Darín, Soledad Villamil",8.1,214584,/title/tt1305806/
"Three Billboards Outside Ebbing, Missouri",2017,Martin McDonagh,"Frances McDormand, Woody Harrelson",8.1,527597,/title/tt5027774/
Prisoners,2013,Denis Villeneuve,"Hugh Jackman, Jake Gyllenhaal",8.1,749841,/title/tt1392214/
Trainspotting,1996,Danny Boyle,"Ewan McGregor, Ewen Bremner",8.1,702382,/title/tt0117951/
The Bridge on the River Kwai,1957,David Lean,"William Holden, Alec Guinness",8.1,226098,/title/tt0050212/
Guardians of the Galaxy Vol. 3,2023,James Gunn,"Chris Pratt, Chukwudi Iwuji",8.1,174835,/title/tt6791350/
Fargo,1996,Joel Coen,"William H. Macy, Frances McDormand",8.1,694193,/title/tt0116282/
Warrior,2011,Gavin O'Conno,"Tom Hardy, Nick Nolte",8.1,482667,/title/tt1291584/
Gran Torino,2008,Clint Eastwoo,"Clint Eastwood, Bee Vang",8.1,791042,/title/tt1205489/
Catch Me If You Can,2002,Steven Spielberg,"Leonardo DiCaprio, Tom Hanks",8.1,1025396,/title/tt0264464/
My Neighbor Totoro,1988,Hayao Miyazak,"Hitoshi Takagi, Noriko Hidaka",8.1,354160,/title/tt0096283/
Million Dollar Baby,2004,Clint Eastwoo,"Hilary Swank, Clint Eastwood",8.1,701143,/title/tt0405159/
Children of Heaven,1997,Majid Maj,"Mohammad Amir Naji, Amir Farrokh Hashemian",8.1,76956,/title/tt0118849/
Klaus,2019,Sergio Pablos,"Jason Schwartzman, J.K. Simmons",8.1,167037,/title/tt4729430/
The Gold Rush,1925,Charles Chaplin,"Charles Chaplin, Mack Swain",8.1,114150,/title/tt0015864/
Blade Runner,1982,Ridley Scott,"Harrison Ford, Rutger Hauer",8.1,790009,/title/tt0083658/
Harry Potter and the Deathly Hallows: Part 2,2011,David Yates,"Daniel Radcliffe, Emma Watson",8.1,903333,/title/tt1201607/
12 Years a Slave,2013,Steve McQueen,"Chiwetel Ejiofor, Michael Kenneth Williams",8.1,717252,/title/tt2024544/
Before Sunrise,1995,Richard Linklate,"Ethan Hawke, Julie Delpy",8.1,321506,/title/tt0112471/
The Grand Budapest Hotel,2014,Wes Anderson,"Ralph Fiennes, F. Murray Abraham",8.1,841684,/title/tt2278388/
Ben-Hur,1959,William Wyle,"Charlton Heston, Jack Hawkins",8.1,245615,/title/tt0052618/
Gone Girl,2014,David Finche,"Ben Affleck, Rosamund Pike",8.1,1011383,/title/tt2267998/
On the Waterfront,1954,Elia Kazan,"Marlon Brando, Karl Malden",8.1,158838,/title/tt0047296/
Barry Lyndon,1975,Stanley Kubrick,"Ryan O'Neal, Marisa Berenson",8.1,174264,/title/tt0072684/
The General,1926,Clyde Bruckman,"Buster Keaton, Marion Mack",8.1,94110,/title/tt0017925/
Wild Strawberries,1957,Ingmar Bergman,"Victor Sjöström, Bibi Andersson",8.1,110254,/title/tt0050986/
In the Name of the Father,1993,Jim Sheridan,"Daniel Day-Lewis, Pete Postlethwaite",8.1,180238,/title/tt0107207/
The Deer Hunter,1978,Michael Cimino,"Robert De Niro, Christopher Walken",8.1,347430,/title/tt0077416/
Hacksaw Ridge,2016,Mel Gibson,"Andrew Garfield, Sam Worthington",8.1,552334,/title/tt2119532/
The Third Man,1949,Carol Ree,"Orson Welles, Joseph Cotten",8.1,175678,/title/tt0041959/
The Wages of Fear,1953,Henri-Georges Clouzot,"Yves Montand, Charles Vanel",8.1,63338,/title/tt0046268/
Memories of Murder,2003,Bong Joon Ho,"Song Kang-ho, Kim Sang-kyung",8.1,196879,/title/tt0353969/
Sherlock Jr.,1924,Buster Keaton,"Buster Keaton, Kathryn McGuire",8.1,52685,/title/tt0015324/
Wild Tales,2014,Damián Szifron,"Darío Grandinetti, María Marull",8.1,205944,/title/tt3011894/
Mr. Smith Goes to Washington,1939,Frank Capra,"James Stewart, Jean Arthur",8.1,117820,/title/tt0031679/
Mad Max: Fury Road,2015,George Mille,"Tom Hardy, Charlize Theron",8.1,1033099,/title/tt1392190/
Mary and Max,2009,Adam Elliot,"Toni Collette, Philip Seymour Hoffman",8.1,181131,/title/tt0978762/
Dead Poets Society,1989,Peter We,"Robin Williams, Robert Sean Leonard",8.1,511893,/title/tt0097165/
"Monsters, Inc.",2001,Pete Docte,"Billy Crystal, John Goodman",8.1,935032,/title/tt0198781/
How to Train Your Dragon,2010,Dean DeBlois,"Jay Baruchel, Gerard Butler",8.1,763820,/title/tt0892769/
The Seventh Seal,1957,Ingmar Bergman,"Max von Sydow, Gunnar Björnstrand",8.1,190334,/title/tt0050976/
Jaws,1975,Steven Spielberg,"Roy Scheider, Robert Shaw",8.1,626302,/title/tt0073195/
Room,2015,Lenny Abrahamson,"Brie Larson, Jacob Tremblay",8.1,432805,/title/tt3170832/
The Big Lebowski,1998,Joel Coen,"Jeff Bridges, John Goodman",8.1,828984,/title/tt0118715/
Tokyo Story,1953,Yasujirô Ozu,"Chishû Ryû, Chieko Higashiyama",8.1,64330,/title/tt0046438/
Ford v Ferrari,2019,James Mangol,"Matt Damon, Christian Bale",8.1,421933,/title/tt1950186/
The Passion of Joan of Arc,1928,Carl Theodor Dreye,"Maria Falconetti, Eugene Silvain",8.0,57467,/title/tt0019254/
Hotel Rwanda,2004,Terry George,"Don Cheadle, Sophie Okonedo",8.0,362453,/title/tt0395169/
Ratatouille,2007,Brad B,"Brad Garrett, Lou Romano",8.0,770203,/title/tt0382932/
Rocky,1976,John G. Avildsen,"Sylvester Stallone, Talia Shire",8.0,600318,/title/tt0075148/
Platoon,1986,Oliver Stone,"Charlie Sheen, Tom Berenger",8.0,424128,/title/tt0091763/
Spotlight,2015,Tom McCarthy,"Mark Ruffalo, Michael Keaton",8.0,483406,/title/tt1895587/
Logan,2017,James Mangol,"Hugh Jackman, Patrick Stewart",8.0,790487,/title/tt3315342/
The Terminator,1984,James Cameron,"Arnold Schwarzenegger, Linda Hamilton",8.0,888063,/title/tt0088247/
Jai Bhim,2021,T.J. Gnanavel,"Suriya, Lijo Mol Jose",8.0,207339,/title/tt15097216/
Rush,2013,Ron Howa,"Daniel Brühl, Chris Hemsworth",8.0,492317,/title/tt1979320/
Before Sunset,2004,Richard Linklate,"Ethan Hawke, Julie Delpy",8.0,274732,/title/tt0381681/
Stand by Me,1986,Rob Reine,"Wil Wheaton, River Phoenix",8.0,418769,/title/tt0092005/
Network,1976,Sidney Lumet,"Faye Dunaway, William Holden",8.0,163866,/title/tt0074958/
Into the Wild,2007,Sean Penn,"Emile Hirsch, Vince Vaughn",8.0,636375,/title/tt0758758/
The Wizard of Oz,1939,Victor Fleming,"Judy Garland, Frank Morgan",8.0,411440,/title/tt0032138/
The Best Years of Our Lives,1946,William Wyle,"Myrna Loy, Dana Andrews",8.0,67260,/title/tt0036868/
The Exorcist,1973,William Friedkin,"Ellen Burstyn, Max von Sydow",8.0,422652,/title/tt0070047/
La haine,1995,Mathieu Kassovitz,"Vincent Cassel, Hubert Koundé",8.0,182123,/title/tt0113247/
The Incredibles,2004,Brad B,"Craig T. Nelson, Samuel L. Jackson",8.0,764704,/title/tt0317705/
To Be or Not to Be,1942,Ernst Lubitsch,"Carole Lombard, Jack Benny",8.0,39808,/title/tt0035446/
Pirates of the Caribbean: The Curse of the Black Pearl,2003,Gore Verbinsk,"Johnny Depp, Geoffrey Rush",8.0,1156872,/title/tt0325980/
Groundhog Day,1993,Harold Ramis,"Bill Murray, Andie MacDowell",8.0,652675,/title/tt0107048/
My Father and My Son,2005,Çagan Irmak,"Çetin Tekindor, Fikret Kuskan",8.0,88512,/title/tt0476735/
The Battle of Algiers,1966,Gillo Pontecorvo,"Brahim Hadjadj, Jean Martin",8.0,62577,/title/tt0058946/
The Grapes of Wrath,1940,John Fo,"Henry Fonda, Jane Darwell",8.0,96360,/title/tt0032551/
Hachi: A Dog's Tale,2009,Lasse Hallström,"Richard Gere, Joan Allen",8.0,295899,/title/tt1028532/
Pather Panchali,1955,Satyajit Ray,"Kanu Bannerjee, Karuna Bannerjee",8.0,35185,/title/tt0048473/
The Handmaiden,2016,Park Chan-wook,"Kim Min-hee, Ha Jung-woo",8.0,157874,/title/tt4016934/
Amores Perros,2000,Alejandro G. Iñárritu,"Emilio Echevarría, Gael García Bernal",8.0,245805,/title/tt0245712/
Rebecca,1940,Alfred Hitchcock,"Laurence Olivier, Joan Fontaine",8.0,141100,/title/tt0032976/
Cool Hand Luke,1967,Stuart Rosenberg,"Paul Newman, George Kennedy",8.0,182162,/title/tt0061512/
The Sound of Music,1965,Robert Wise,"Julie Andrews, Christopher Plummer",8.0,245402,/title/tt0059742/
It Happened One Night,1934,Frank Capra,"Clark Gable, Claudette Colbert",8.0,107587,/title/tt0025316/
The 400 Blows,1959,François Truffaut,"Jean-Pierre Léaud, Albert Rémy",8.0,122478,/title/tt0053198/
Persona,1966,Ingmar Bergman,"Bibi Andersson, Liv Ullmann",8.0,124040,/title/tt0060827/
The Help,2011,Tate Taylo,"Viola Davis, Emma Stone",8.0,473642,/title/tt1454029/
The Iron Giant,1999,Brad B,"Eli Marienthal, Harry Connick Jr.",8.0,210413,/title/tt0129167/
Life of Brian,1979,Terry Jones,"Graham Chapman, John Cleese",8.0,409748,/title/tt0079470/
Aladdin,1992,Ron Clements,"Scott Weinger, Robin Williams",8.0,439049,/title/tt0103639/
Dances with Wolves,1990,Kevin Costne,"Kevin Costner, Mary McDonnell",8.0,277398,/title/tt0099348/
